<?xml version="1.0" encoding="UTF-8"?>
<!DOCTYPE mapper PUBLIC "-//mybatis.org//DTD Mapper 3.0//EN"
"http://mybatis.org/dtd/mybatis-3-mapper.dtd">

<mapper namespace="com.green.university.repository.interfaces.StaffRepository">
	<insert id="insertToStaff">
		INSERT INTO staff_tb (name, birth_date, gender, address, tel, email)
		VALUES (#{name}, #{birthDate}, #{gender}, #{address}, #{tel}, #{email})
	</insert>

	<select id="selectIdByCreateStaffDto" resultType="integer">
		SELECT id FROM staff_tb
		WHERE name = #{name}
		AND birth_date = #{birthDate}
		AND gender = #{gender}
		AND address =#{address}
		AND tel = #{tel}
		AND email
		= #{email}

	</select>

	<insert id="insertToUser">
		INSERT INTO user_tb
		VALUES (#{id}, #{password}, #{userRole})
	</insert>

	<select id="selectByUserId" resultType="com.green.university.dto.response.UserInfoForUpdateDto">
		SELECT address, tel, email
		FROM staff_tb
		WHERE id = #{userId}
	</select>

	<update id="updateStaff">
		UPDATE staff_tb SET
		address = #{address}, tel = #{tel}, email = #{email}
		WHERE id = #{userId}
	</update>

	<select id="selectStaffById" resultType="com.green.university.repository.model.Staff">
		SELECT *
		FROM staff_tb
		WHERE id = #{id}
	</select>

	<select id="selectIdByNameAndEmail" resultType="integer">
		SELECT id
		FROM staff_tb
		WHERE name = #{name}
		AND email = #{email}
	</select>
	
	<select id="selectStaffByIdAndNameAndEmail" resultType="integer">
		SELECT id
		FROM staff_tb
		WHERE id = #{id} 
		AND name = #{name}
		AND email = #{email}
	</select>
</mapper>