<?xml version="1.0" encoding="UTF-8"?>
<!DOCTYPE mapper PUBLIC "-//mybatis.org//DTD Mapper 3.0//EN"
"http://mybatis.org/dtd/mybatis-3-mapper.dtd">
<!-- student_tb용 쿼리 -->

<mapper namespace="com.green.university.repository.interfaces.StuSubRepository">
	<select id="selectBySubjectId" resultType="com.green.university.dto.response.StudentInfoForProfessorDto">
		SELECT ss.id, ss.student_id, s.name AS student_name, d.name AS dept_name, ssd.homework, ssd.absent, ssd.lateness, ssd.mid_exam, ssd.final_exam, ssd.converted_mark
		FROM stu_sub_tb AS ss
		LEFT JOIN student_tb AS s
		ON ss.student_id = s.id
		LEFT JOIN department_tb AS d
		ON s.dept_id = d.id
		LEFT JOIN stu_sub_detail_tb AS ssd
		ON ss.id = ssd.id
		WHERE ss.subject_id = #{subjectId};
	</select>

	<update id="updateGradeByStudentIdAndSubjectId">
		UPDATE stu_sub_tb
		SET grade = #{grade}
		WHERE student_id = #{studentId}
		AND subject_id = #{subjectId}
	</update>

<!-- 수강신청 관련 -->
	<select id="selectByStudentIdAndSubjectId" resultType="com.green.university.repository.model.StuSub">
		SELECT ss.* 
		FROM stu_sub_tb AS ss
		LEFT JOIN subject_tb AS su
		ON ss.subject_id = su.id
		WHERE student_id = #{studentId} AND subject_id = #{subjectId}
	</select>
	
	<select id="selectListByStudentIdAndSemester" resultType="com.green.university.dto.response.StuSubAppDto">
		SELECT student_id, subject_id, su.name AS subject_name, p.name AS professor_name, grades, sub_day, start_time, end_time, num_of_student, capacity, room_id
		FROM stu_sub_tb AS ss
		LEFT JOIN subject_tb AS su
		ON ss.subject_id = su.id
        LEFT JOIN professor_tb AS p
        ON su.professor_id = p.id
		WHERE student_id = #{studentId} AND sub_year = #{subYear} AND semester = #{semester}
	</select>
	
	<select id="selectSumGrades" resultType="com.green.university.dto.response.StuSubSumGradesDto">
		SELECT student_id, SUM(grades) AS sum_grades
		FROM stu_sub_tb AS ss
		LEFT JOIN subject_tb AS su
		ON ss.subject_id = su.id
		WHERE sub_year = #{subYear} AND semester = #{semester} AND student_id = #{studentId}
		GROUP BY student_id;
	</select>
	
	<select id="selectDayTime" resultType="com.green.university.dto.response.StuSubDayTimeDto">
		SELECT su.id AS subject_id, su.name AS subject_name, sub_day, start_time, end_time
		FROM stu_sub_tb AS ss
		LEFT JOIN subject_tb AS su
		ON ss.subject_id = su.id
		WHERE sub_year = #{subYear} AND semester = #{semester} AND student_id = #{studentId}
	</select>
	
	<insert id="insert">
		INSERT INTO stu_sub_tb (student_id, subject_id)
		VALUES (#{studentId}, #{subjectId})
	</insert>
	
	<delete id="delete">
		DELETE FROM stu_sub_tb
		WHERE student_id = #{studentId} AND subject_id = #{subjectId}
	</delete>

	<select id="selectJoinListByStudentId" resultType="com.green.university.dto.response.StuSubAppDto">
		SELECT pss.student_id, pss.subject_id, su.name AS subject_name, p.name AS professor_name, grades, sub_day, start_time, end_time, num_of_student, capacity, room_id
		FROM pre_stu_sub_tb AS pss
		LEFT JOIN stu_sub_tb AS ss
		ON pss.subject_id = ss.subject_id AND pss.student_id = ss.student_id
		LEFT JOIN subject_tb AS su
		ON pss.subject_id = su.id
        LEFT JOIN professor_tb AS p
        ON su.professor_id = p.id
		WHERE pss.student_id = #{studentId}
			AND ss.subject_id IS NULL;
	</select>

	<update id="updateCompleteGradeByStudentIdAndSubjectId">
		UPDATE stu_sub_tb
		SET complete_grade = #{completeGrade}
		WHERE student_id = #{studentId}
		AND subject_id = #{subjectId}
	</update>

</mapper>