<?xml version="1.0" encoding="UTF-8"?>
<!DOCTYPE mapper PUBLIC "-//mybatis.org//DTD Mapper 3.0//EN"
"http://mybatis.org/dtd/mybatis-3-mapper.dtd">

<mapper namespace="com.green.university.repository.interfaces.TuitionRepository">

<select id="selectByStudentId" resultType="com.green.university.repository.model.Tuition">
	SELECT * FROM tuition_tb WHERE student_id = #{studentId}
</select>

<select id="selectByStudentIdAndStatus" resultType="com.green.university.repository.model.Tuition">
	SELECT * FROM tuition_tb WHERE student_id = #{studentId} AND status = #{status} ORDER BY tui_year DESC, semester DESC
</select>

<select id="selectTuiAmountByStudentId" resultType="com.green.university.repository.model.CollTuit">
	SELECT amount FROM coll_tuit_tb
	WHERE college_id = (SELECT d.college_id FROM student_tb AS s
						JOIN department_tb AS d
						ON s.dept_id = d.id
						WHERE s.id = #{studentId});
</select>

<insert id="insert">
	INSERT INTO tuition_tb (student_id, tui_year, semester, tui_amount, sch_type, sch_amount)
	VALUES (#{studentId}, #{tuiYear}, #{semester}, #{tuiAmount}, #{schType}, #{schAmount})
</insert>

<select id="selectByStudentIdAndSemester" resultType="com.green.university.repository.model.Tuition">
	SELECT * FROM tuition_tb
	WHERE student_id = #{studentId} AND tui_year = #{tuiYear} AND semester = #{semester}
</select>

<update id="updateStatus">
	UPDATE tuition_tb SET status = true
	WHERE student_id = #{studentId} AND tui_year = #{tuiYear} AND semester = #{semester}
</update>

</mapper>